{
  "config": {
    "stream_size": 1200,
    "n_regimes": 6,
    "change_points": [
      0,
      200,
      400,
      600,
      800,
      1000
    ]
  },
  "resultados": {
    "MCR (byte)": {
      "TP": 2,
      "FP": 0,
      "FN": 4,
      "n_change_points": 6,
      "n_alarmes": 3,
      "recall": 0.3333333333333333,
      "precisao": 1.0,
      "f1": 0.5,
      "delay_medio": 6.0,
      "delay_min": 1,
      "delay_max": 11,
      "alarmes_indices": [
        11,
        23,
        601
      ]
    },
    "MCR (byte+pal+tven)": {
      "TP": 1,
      "FP": 0,
      "FN": 5,
      "n_change_points": 6,
      "n_alarmes": 1,
      "recall": 0.16666666666666666,
      "precisao": 1.0,
      "f1": 0.2857142857142857,
      "delay_medio": 23.0,
      "delay_min": 23,
      "delay_max": 23,
      "alarmes_indices": [
        23
      ]
    },
    "Page-Hinkley": {
      "TP": 4,
      "FP": 32,
      "FN": 2,
      "n_change_points": 6,
      "n_alarmes": 38,
      "recall": 0.6666666666666666,
      "precisao": 0.1111111111111111,
      "f1": 0.19047619047619047,
      "delay_medio": 13.75,
      "delay_min": 1,
      "delay_max": 29,
      "alarmes_indices": [
        29,
        58,
        87,
        109,
        135,
        160,
        185,
        224,
        268,
        325,
        381,
        445,
        510,
        567,
        601,
        611,
        621,
        631,
        641,
        651,
        661,
        671,
        681,
        691,
        701,
        711,
        721,
        731,
        741,
        751,
        761,
        771,
        781,
        791,
        801,
        910,
        983,
        1194
      ]
    },
    "CUSUM": {
      "TP": 6,
      "FP": 85,
      "FN": 0,
      "n_change_points": 6,
      "n_alarmes": 101,
      "recall": 1.0,
      "precisao": 0.06593406593406594,
      "f1": 0.12371134020618557,
      "delay_medio": 2.67,
      "delay_min": 0,
      "delay_max": 9,
      "alarmes_indices": [
        9,
        19,
        29,
        45,
        57,
        78,
        90,
        101,
        111,
        123,
        146,
        156,
        166,
        177,
        187,
        197,
        207,
        219,
        229,
        239,
        251,
        261,
        272,
        284,
        294,
        304,
        320,
        330,
        340,
        351,
        361,
        375,
        388,
        400,
        434,
        466,
        487,
        500,
        514,
        553,
        563,
        600,
        610,
        620,
        630,
        640,
        650,
        660,
        670,
        680,
        690,
        700,
        710,
        720,
        730,
        740,
        750,
        760,
        770,
        780,
        790,
        800,
        810,
        820,
        830,
        840,
        850,
        860,
        870,
        880,
        890,
        900,
        910,
        920,
        930,
        940,
        950,
        960,
        970,
        980,
        990,
        1000,
        1010,
        1020,
        1030,
        1040,
        1050,
        1060,
        1070,
        1080,
        1090,
        1100,
        1110,
        1120,
        1130,
        1140,
        1150,
        1160,
        1171,
        1184,
        1194
      ]
    },
    "ADWIN": {
      "TP": 4,
      "FP": 35,
      "FN": 2,
      "n_change_points": 6,
      "n_alarmes": 43,
      "recall": 0.6666666666666666,
      "precisao": 0.10256410256410256,
      "f1": 0.17777777777777778,
      "delay_medio": 4.5,
      "delay_min": 0,
      "delay_max": 12,
      "alarmes_indices": [
        30,
        45,
        77,
        87,
        106,
        129,
        202,
        212,
        251,
        268,
        293,
        303,
        325,
        349,
        359,
        377,
        454,
        501,
        536,
        575,
        600,
        610,
        620,
        636,
        651,
        667,
        682,
        713,
        723,
        737,
        754,
        777,
        789,
        804,
        819,
        834,
        872,
        914,
        925,
        977,
        987,
        999,
        1012
      ]
    }
  },
  "tempos": {
    "MCR (byte)": 0.014470100402832031,
    "MCR (byte+pal+tven)": 0.29187512397766113,
    "Page-Hinkley": 0.0008034706115722656,
    "CUSUM": 0.00092315673828125,
    "ADWIN": 0.0026857852935791016
  },
  "analise_entropia": {
    "delta_medio_normal": 0.00555,
    "delta_medio_change": 0.017368,
    "razao": 3.13
  }
}