{
  "ammunition": [
    63.248657938105296,
    90.0377735651876,
    19.560493644966357
  ],
  "amulets and necklaces": [
    65.9018208335754,
    26.646090239822186,
    19.117688730591638
  ],
  "armors": [
    55.847024916382246,
    29.802566735236752,
    17.987480506408254
  ],
  "axe weapons": [
    51.1743441433681,
    26.46819124073868,
    -1.248425168867867
  ],
  "boots": [
    60.71475318420382,
    29.576313994499277,
    8.349100502543177
  ],
  "club weapons": [
    52.69324649633138,
    40.294457132921174,
    3.3781937186801154
  ],
  "creature products": [
    62.72961714580926,
    18.59453891843242,
    21.136665152977063
  ],
  "distance weapons": [
    65.60107043545692,
    15.123737170707807,
    7.422893440505085
  ],
  "food": [
    49.73524214969911,
    12.807189915602727,
    17.36310374456843
  ],
  "helmets": [
    62.89844852777768,
    29.535873046817713,
    7.467161141383862
  ],
  "legs": [
    59.77090685327674,
    17.530268428612338,
    9.261977553984805
  ],
  "rings": [
    83.63434648585105,
    17.639532159232115,
    10.476987737793268
  ],
  "rods": [
    61.725746360615695,
    20.42027908737835,
    18.22604849489903
  ],
  "shields": [
    63.02113749123672,
    -8.400607407770494,
    2.87358837229613
  ],
  "spellbooks": [
    70.54894712539965,
    -36.830575444185754,
    15.247300748304525
  ],
  "sword weapons": [
    55.64227265224762,
    78.65749980901363,
    15.280192792552821
  ],
  "tools": [
    58.27085767804699,
    -5.259856196872236,
    8.33294579213341
  ],
  "wands": [
    61.67863550939669,
    21.19166503423399,
    4.28922182683706
  ]
}