{
  "teste": "sinonimia_cross_idioma",
  "n_pares": 40,
  "n_sinonimos": 20,
  "n_nao_rel": 20,
  "corpus_tokens": 234231,
  "mcr": {
    "roc_auc": 0.9775,
    "f1": 0.8,
    "threshold": 0.032942565435982986,
    "scores": [
      0.15984032578601945,
      0.2780046698375328,
      0.4456954124411953,
      0.4333531934742277,
      0.15658349471013772,
      0.0,
      0.06070921198685304,
      0.3996447923826767,
      0.5,
      0.0,
      0.16163453859294996,
      0.0,
      0.0,
      0.26788972019130586,
      0.15119544283284317,
      0.032942565435982986,
      0.0,
      0.36192011230835325,
      0.05485583224425988,
      0.0,
      0.0,
      0.0,
      0.0,
      0.0,
      0.0,
      0.0,
      0.0,
      0.0,
      0.0,
      0.0,
      0.0,
      0.0,
      0.0,
      0.0,
      0.0,
      0.0,
      0.0,
      0.0,
      0.06151409751446706,
      0.0
    ]
  },
  "cbow": {
    "roc_auc": 1.0,
    "f1": 0.6666666666666666,
    "threshold": 0.0,
    "scores": [
      0.0,
      0.0,
      0.0,
      0.0,
      0.0,
      0.0,
      0.0,
      0.0,
      0.0,
      0.0,
      0.0,
      0.0,
      0.0,
      0.0,
      0.0,
      0.0,
      0.0,
      0.0,
      0.0,
      0.0,
      0.0,
      0.0,
      0.0,
      0.0,
      0.0,
      0.0,
      0.0,
      0.0,
      0.0,
      0.0,
      0.0,
      0.0,
      0.0,
      0.0,
      0.0,
      0.0,
      0.0,
      0.0,
      0.0,
      0.0
    ],
    "dim": 100,
    "janela": 5,
    "epochs": 3,
    "tempo_treino": 65.77387857437134
  },
  "vantagem_mcr_cbow_auc": 0.9775
}