{
  "teste": "estilo",
  "n_textos": 25,
  "n_estilos": 5,
  "mcr": {
    "ari": 1.0,
    "nmi": 1.0,
    "pureza": 1.0
  },
  "lda": {
    "ari": 0.0425531914893617,
    "nmi": 0.3491795014526339,
    "pureza": 0.48
  },
  "kmeans": {
    "ari": 0.14772727272727273,
    "nmi": 0.3855756058225638,
    "pureza": 0.52
  }
}